supplier_id,name,website,missing
vc-3f653acb-13a5-4a55-bcb4-09a6c7a4b677,Ágreda Abogadas,https://agredabogadas.com,contact_email+contact_phone
vc-ddce5ae9-1082-4b3f-b91e-67e0e9a1558e,Bolonia Abogacía,https://boloniaabogacia.com,contact_email+contact_phone
vc-b85baeba-679a-4e1f-9cd7-a86dfc816d11,Calero Legal Abogados,https://www.calerolegal.com,contact_email+contact_phone
vc-1a9e22ad-323e-4818-b66b-8e34a84eea33,Català Reinón Abogados,https://www.catala-reinon.es,contact_email+contact_phone
vc-3d8bc4fb-2419-4141-ad6e-18e58af0f508,Despacho Paula Schmid Porras,https://www.abogadaschmidporras.eu,contact_email+contact_phone
vc-02d821c9-5420-4b21-bd78-bb4166d43670,Extranjería al Día — Germán Saldaña Espejo,https://extranjeriaaldia.es,contact_email+contact_phone
vc-14c1a4bf-0993-4e65-ac61-9355dde81304,Fernando Ortega Cano – Abogado,,contact_email+contact_phone
vc-c2e01695-673a-44f1-8afc-372b39653faa,Iturralde García Abogados,https://abogadosextranjeria.es,contact_email+contact_phone
vc-f7c3f9b7-5788-46e5-a339-f774196e24b7,Lacaci & Delgado Abogados,https://www.lacaciabogados.com,contact_email+contact_phone
vc-3ca05684-206a-4aa5-b059-cbdb8ced0b16,Lexey Abogados,https://lexeyabogados.com,contact_email+contact_phone
vc-ae5a7e70-035c-49f7-ba70-c5a6ca860897,LG Abogado de Extranjería (Lino García),https://extranjeria.abogado,contact_email+contact_phone
vc-390f3e72-3006-4ffa-9de3-bfc160ba0a97,Marta Reina Grau — Abogada de Extranjería,https://www.pleitex.com/abogados/marta-reina-grau/,contact_email+contact_phone
vc-8b0eaae3-098d-441a-b6e2-2df8b98c6130,MigrationLaw,https://www.migrationlaw.es,contact_email+contact_phone
vc-26201571-f39f-41e4-926b-c36570ea1df2,Modesto Martínez Vizuete – Abogado,,contact_email+contact_phone
vc-4fee38a7-40f7-4727-af03-6960af5d41d9,Olguín Abogados,https://olguinabogados.com,contact_email+contact_phone
vc-b9e8214e-9a6d-4053-bd57-e2581072d96a,Peralta Rojas Abogados,https://peraltarojas.com,contact_email+contact_phone
vc-ef01fe74-7bde-4bcf-b4b0-7c12facbaab2,PFBernal Abogados (Abogacía Extranjería),https://abogaciaextranjeria.es,contact_email+contact_phone
vc-b14f42d1-6516-42e1-ab1a-ecc44b7269e0,Rodríguez Calistro Abogados,https://www.rodriguezcalistroabogados.com,contact_email+contact_phone
vc-62912f04-c544-46be-b11d-4252dbf9ac49,Romina María Chiquini Laude – Abogada,,contact_email+contact_phone
vc-e36ef272-2e23-45ea-91fd-d313b458a525,Ventura Extranjería Abogados,https://venturaextranjeria.com,contact_email+contact_phone
